109,102,32,108,59,185,9,36,40,1,21,111,8,18,46,24,229,44,7,10,54,6,5,12,3,138,133,142,11,30,69,15,22,2,35,94,76,29,64,107,121,110,17,98,13,23,56,14,26,43
135,117,48,136,105,194,70,38,148,4,55,115,19,34,193,49,273,86,27,77,82,42,41,75,67,277,146,161,31,91,177,25,83,20,80,113,160,45,79,130,168,254,47,159,16,52,66,28,60,89
196,127,74,182,163,219,104,68,153,65,63,309,99,37,269,187,287,297,51,100,149,72,114,169,134,405,201,178,62,96,186,50,93,33,85,123,210,57,81,175,207,258,158,171,39,212,78,90,73,95
209,144,88,188,202,288,112,84,347,97,101,310,128,150,327,237,306,351,119,189,215,147,222,319,151,414,409,233,152,265,192,167,120,53,106,162,296,58,184,224,227,301,164,199,61,249,208,124,116,132
214,174,154,191,218,373,137,92,418,156,122,346,157,176,354,246,316,388,126,220,362,200,242,334,284,566,434,259,217,321,268,173,283,71,118,226,307,143,343,245,255,404,235,204,87,290,223,236,195,140
230,260,155,213,239,432,170,103,556,179,139,397,228,211,406,257,376,391,131,311,398,225,250,383,358,607,451,263,286,357,282,180,289,216,141,241,355,247,381,271,348,452,371,294,125,365,352,244,197,145
231,360,198,276,264,461,181,129,672,190,232,485,329,238,494,304,518,440,183,323,430,243,293,410,442,613,463,267,295,386,302,253,308,364,165,303,359,312,443,274,366,474,486,331,205,458,402,256,234,251
272,384,369,317,281,487,261,206,750,315,252,504,330,314,541,318,551,441,203,345,438,361,299,420,539,659,648,322,396,419,353,444,324,370,166,337,385,387,467,279,377,490,497,339,262,503,422,266,278,325
363,412,401,320,342,499,291,338,798,368,285,523,403,333,560,427,638,529,240,417,477,400,399,433,559,760,649,336,457,437,382,495,473,372,172,408,431,530,570,280,534,532,550,493,270,527,460,298,313,407
471,510,424,326,349,572,367,416,828,395,335,563,528,341,590,454,645,624,350,565,552,415,468,435,568,812,656,340,617,589,428,540,498,394,221,423,515,567,605,305,581,545,599,500,375,674,478,300,332,448
502,643,482,380,389,591,426,469,874,501,378,604,555,344,592,472,699,687,413,618,616,475,483,453,582,843,681,537,623,609,462,544,598,464,248,459,516,684,606,328,629,584,603,511,379,810,526,506,356,491
585,673,521,393,390,602,439,558,876,524,449,625,615,488,597,547,714,688,425,728,632,496,522,507,588,869,771,583,671,647,630,562,634,535,275,465,517,772,717,374,631,586,666,554,447,835,549,692,411,520
600,677,538,450,392,667,484,765,895,718,455,654,644,492,611,574,721,722,481,757,744,575,571,512,685,885,851,661,753,670,653,662,683,576,292,479,531,824,727,542,636,642,697,658,466,837,679,793,421,564
621,731,546,519,480,867,548,802,917,735,536,701,696,533,755,626,725,836,513,792,747,620,595,569,777,922,988,708,797,719,668,680,691,622,436,871,579,825,736,577,784,678,769,663,476,946,729,833,429,619
780,773,573,525,543,1185,686,845,937,827,641,764,707,587,863,657,730,1014,514,856,899,715,746,650,807,923,1030,724,820,789,748,770,799,665,446,949,628,852,743,578,803,703,969,693,553,1079,740,862,445,700
819,785,601,580,596,1262,689,908,1042,891,704,796,732,594,939,710,737,1118,557,857,971,761,795,811,830,934,1128,854,841,813,758,815,800,676,470,987,639,888,759,614,846,711,1035,723,593,1143,783,884,456,751
865,826,651,669,712,1329,706,975,1103,925,739,838,733,610,1013,781,782,1140,561,896,1011,778,868,920,940,984,1130,957,875,958,768,849,913,742,508,992,705,943,779,635,858,763,1080,832,633,1199,787,951,489,762
873,892,690,786,881,1394,734,994,1107,977,756,864,745,612,1017,829,794,1170,640,905,1018,814,900,978,942,1003,1157,959,880,976,859,915,993,804,608,1008,709,960,808,694,903,809,1178,848,637,1256,887,955,505,766
909,918,716,872,882,1395,741,1016,1123,1054,805,1009,749,646,1129,927,844,1176,652,914,1029,842,953,1002,972,1012,1169,1062,894,1108,935,930,1024,817,627,1020,713,995,952,754,911,889,1214,902,840,1258,907,1027,509,776
1007,945,831,980,938,1508,883,1025,1160,1195,1099,1037,853,682,1153,932,850,1187,660,1000,1031,861,1019,1074,1001,1088,1232,1064,944,1138,941,1021,1034,906,655,1125,738,1004,996,788,919,901,1248,979,961,1279,928,1110,675,791
1036,964,847,991,948,1552,966,1040,1175,1227,1134,1057,855,752,1257,985,879,1292,698,1053,1085,910,1023,1149,1166,1094,1240,1070,1050,1174,947,1038,1082,1005,664,1198,801,1022,1161,806,965,926,1306,997,982,1303,933,1124,695,834
1051,1048,860,1032,1046,1571,967,1049,1265,1253,1167,1067,1006,821,1263,999,897,1312,726,1075,1136,1089,1120,1196,1243,1302,1340,1071,1096,1197,1056,1041,1119,1026,774,1228,816,1063,1183,878,968,998,1315,1043,1033,1321,1015,1135,702,866
1073,1052,870,1039,1086,1604,1192,1084,1318,1337,1209,1072,1290,822,1300,1060,904,1316,767,1090,1204,1154,1142,1239,1336,1339,1343,1077,1180,1206,1083,1069,1133,1098,886,1251,890,1158,1220,916,973,1045,1407,1044,1068,1451,1182,1147,720,962
1091,1148,1028,1065,1241,1656,1224,1200,1391,1465,1266,1171,1358,823,1405,1245,963,1342,775,1111,1237,1184,1168,1385,1366,1352,1346,1087,1218,1229,1097,1076,1145,1106,956,1314,929,1268,1376,921,1078,1139,1446,1055,1349,1569,1193,1164,877,986
1112,1190,1061,1121,1355,1750,1244,1254,1487,1549,1289,1296,1399,924,1504,1255,1059,1592,790,1144,1320,1225,1179,1515,1423,1425,1402,1146,1236,1264,1165,1105,1278,1159,989,1330,936,1271,1418,950,1137,1150,1486,1092,1415,1651,1212,1247,893,1189
1294,1217,1113,1132,1497,1799,1371,1326,1538,1555,1377,1406,1411,931,1554,1293,1109,1593,818,1191,1368,1252,1208,1530,1600,1442,1417,1203,1275,1310,1205,1117,1286,1162,990,1333,1115,1388,1433,954,1155,1181,1498,1101,1416,1698,1308,1332,970,1283
1370,1288,1114,1201,1516,1858,1382,1334,1588,1620,1431,1435,1469,1152,1637,1331,1141,1608,839,1207,1397,1267,1215,1577,1621,1459,1455,1221,1287,1319,1341,1213,1298,1235,1100,1354,1219,1447,1509,981,1216,1202,1581,1122,1434,1733,1356,1353,974,1398
1383,1373,1116,1211,1590,1950,1514,1367,1650,1632,1432,1466,1484,1156,1642,1375,1172,1706,898,1231,1460,1269,1270,1688,1768,1506,1488,1335,1295,1338,1410,1226,1304,1272,1126,1412,1284,1482,1532,1104,1261,1291,1676,1210,1458,1736,1362,1420,1010,1436
1426,1500,1173,1250,1591,2127,1536,1374,1696,1641,1439,1507,1522,1233,1657,1386,1277,1730,912,1238,1533,1317,1359,1757,1803,1519,1525,1344,1403,1348,1424,1421,1409,1282,1127,1450,1384,1545,1601,1151,1408,1299,1691,1301,1501,1813,1365,1477,1047,1535
1443,1526,1186,1360,1652,2213,1624,1378,1721,1692,1494,1547,1553,1234,1695,1430,1327,1747,983,1246,1539,1379,1369,1852,1825,1579,1529,1474,1419,1428,1573,1531,1449,1396,1163,1468,1400,1575,1622,1177,1444,1364,1703,1313,1557,1954,1387,1541,1066,1563
1452,1631,1323,1518,1681,2422,1635,1380,1731,1701,1537,1583,1580,1280,1780,1480,1350,1755,1058,1297,1614,1389,1392,1862,1900,1595,1546,1493,1524,1440,1617,1570,1574,1401,1188,1471,1441,1807,1680,1194,1517,1456,1792,1325,1566,1957,1390,1607,1095,1597
1490,1749,1351,1565,1811,2465,1668,1457,1826,1758,1578,1646,1647,1347,1782,1528,1414,1911,1081,1309,1626,1404,1472,1922,2019,1619,1560,1496,1561,1448,1639,1648,1596,1453,1223,1511,1606,1830,1726,1222,1548,1585,1940,1361,1611,1994,1427,1633,1260,1605
1520,1790,1483,1584,1815,2532,1709,1512,1893,1823,1658,1660,1719,1363,1787,1587,1470,1912,1093,1311,1675,1564,1479,1992,2040,1649,1700,1502,1671,1463,1667,1769,1603,1503,1242,1542,1748,1837,1801,1249,1589,1640,1966,1372,1682,2024,1437,1636,1273,1711
1659,1816,1513,1653,1846,2559,1722,1543,1925,1919,1673,1882,1833,1429,1870,1751,1475,2002,1102,1324,1677,1625,1556,2092,2126,1697,1732,1568,1707,1534,1705,1876,1613,1572,1274,1586,1777,1841,1806,1259,1645,1643,2014,1476,1713,2083,1445,1662,1285,1724
1827,1865,1558,1679,1879,2595,1772,1562,1960,1928,1678,1998,1835,1454,1883,1764,1481,2043,1131,1461,1743,1702,1594,2125,2189,1761,1754,1623,1789,1760,1708,1941,1741,1576,1281,1634,1797,1847,1808,1328,1689,1683,2046,1492,1906,2164,1499,1739,1305,1776
1834,2049,1582,1699,1917,2689,1860,1616,2276,1944,1690,2022,1842,1478,1915,1956,1559,2061,1230,1527,1759,1756,1609,2160,2323,1796,1924,1655,1817,1767,1710,2116,1836,1664,1345,1654,1853,1868,1887,1413,1873,1923,2063,1540,2004,2193,1610,1740,1357,1784
1902,2093,1725,1712,1927,2699,1871,1727,2317,1951,1693,2077,1854,1485,1963,1976,1720,2134,1276,1550,1783,1786,1694,2203,2325,1857,1943,1771,1819,1785,1716,2184,1874,1665,1438,1666,1881,1946,1938,1422,1877,1952,2074,1567,2039,2222,1630,1765,1381,1791
1929,2137,1752,1728,1953,2708,1872,1729,2343,1971,1745,2084,1890,1491,2042,1989,1812,2192,1307,1615,1855,1850,1717,2312,2346,1891,2003,1867,1974,1845,1794,2199,1977,1737,1467,1670,1899,1959,1978,1510,1894,1955,2136,1598,2112,2265,1669,1828,1393,1848
1937,2150,1763,1746,1970,2713,1880,1744,2374,1982,1933,2179,1916,1544,2048,2055,1831,2273,1322,1672,2021,1875,1800,2453,2480,1918,2028,1905,2001,1859,1804,2287,1980,1805,1473,1798,1909,2079,1987,1523,1898,2067,2181,1628,2238,2280,1704,1856,1462,1907
2025,2254,1864,1778,1993,2721,2071,1774,2378,2006,1975,2316,1920,1599,2088,2056,1840,2288,1464,1684,2069,1931,1818,2457,2557,1936,2033,1942,2012,1914,1809,2351,1983,1822,1489,1820,1969,2098,2010,1627,1901,2133,2200,1644,2247,2361,1838,2011,1495,1913
2135,2263,1895,1892,2013,2789,2073,1779,2387,2008,2026,2318,1930,1612,2095,2170,1979,2291,1521,1781,2121,1986,1885,2491,2606,1958,2146,1968,2064,1990,1810,2377,2123,1824,1505,1829,1972,2156,2215,1663,1910,2149,2228,1661,2274,2376,1839,2015,1551,1984
2226,2283,1934,1947,2087,2866,2143,1793,2424,2090,2029,2358,1939,1674,2139,2182,2053,2327,1629,1849,2176,2080,1897,2512,2632,2096,2158,2120,2075,1991,1861,2408,2207,1967,1602,1896,1973,2218,2221,1773,2050,2151,2255,1714,2373,2505,2020,2290,1618,1985
2335,2380,2007,1995,2132,2894,2219,1863,2514,2155,2091,2401,1964,1723,2144,2261,2175,2350,1686,1869,2248,2086,1903,2592,2636,2108,2202,2169,2129,2009,1904,2440,2310,2047,1734,1948,2031,2227,2233,1996,2250,2183,2423,1718,2381,2652,2062,2314,1638,2016
2550,2556,2057,2023,2242,2895,2244,1878,2525,2194,2140,2464,2036,1742,2171,2270,2177,2352,1687,1889,2256,2104,1949,2605,2637,2128,2212,2198,2161,2038,1908,2494,2369,2103,1753,1961,2099,2239,2354,2054,2303,2245,2468,1738,2396,2719,2259,2392,1685,2037
2555,2573,2076,2068,2304,2924,2253,1888,2562,2197,2173,2548,2100,1775,2209,2292,2267,2409,1735,1962,2278,2118,2000,2623,2647,2157,2220,2252,2162,2041,1988,2598,2406,2111,1851,2065,2110,2326,2405,2082,2313,2275,2535,1766,2411,2737,2306,2399,1715,2097
2650,2587,2131,2070,2315,3062,2264,1965,2628,2251,2178,2756,2204,1843,2229,2330,2307,2509,1762,2051,2309,2190,2018,2678,2675,2271,2260,2294,2295,2066,2005,2610,2442,2237,1886,2072,2130,2404,2519,2115,2348,2319,2590,1935,2413,2787,2340,2416,1770,2138
2680,2611,2145,2101,2353,3065,2333,2034,2629,2299,2210,2759,2231,1932,2246,2389,2393,2572,1795,2119,2363,2328,2045,2775,2870,2300,2269,2439,2375,2102,2030,2653,2444,2266,1926,2105,2152,2427,2542,2344,2549,2329,2747,2027,2448,2908,2364,2451,1788,2205
2722,2619,2172,2114,2384,3133,2362,2052,2739,2320,2224,2818,2262,2059,2293,2426,2410,2664,1802,2124,2395,2368,2141,2845,2890,2302,2285,2477,2400,2113,2032,2655,2449,2383,1999,2185,2191,2441,2712,2466,2581,2347,2847,2058,2450,2962,2385,2460,1814,2277
2730,2707,2174,2147,2421,3137,2526,2089,2800,2334,2236,2931,2281,2060,2296,2483,2613,2686,1832,2223,2432,2417,2163,2886,2923,2338,2371,2497,2495,2148,2044,2723,2539,2388,2017,2240,2208,2467,2717,2508,2621,2355,2855,2122,2463,2975,2436,2474,1821,2284
2763,2720,2301,2168,2471,3311,2566,2165,2904,2359,2249,3005,2336,2094,2297,2577,2727,2777,1921,2232,2452,2418,2186,2887,2926,2403,2456,2517,2498,2211,2107,2724,2745,2402,2035,2390,2235,2489,2844,2659,2779,2379,2903,2167,2479,3243,2634,2496,1844,2414
2839,2754,2341,2180,2516,3434,2608,2201,2917,2382,2258,3042,2339,2166,2461,2626,2753,2806,1945,2289,2501,2455,2206,2939,2958,2499,2515,2545,2522,2216,2188,2725,2807,2430,2106,2492,2243,2523,2891,2693,2843,2407,2934,2234,2510,3260,2642,2594,1866,2431
2889,2762,2366,2196,2529,3443,2633,2305,2959,2569,2337,3070,2356,2372,2482,2648,2758,2858,1981,2345,2503,2473,2279,2948,2965,2500,2604,2589,2625,2332,2214,2746,2817,2551,2109,2507,2282,2538,2918,2781,2925,2485,2969,2241,2654,3330,2698,2607,1884,2434
2981,2795,2367,2217,2685,3494,2672,2321,3032,2651,2478,3108,2360,2445,2486,2790,2813,2935,2078,2433,2521,2487,2429,3053,3121,2553,2630,2591,2750,2349,2322,2769,2893,2600,2142,2582,2331,2544,2919,2865,2957,2513,2988,2286,2776,3343,2771,2635,1997,2554
3026,2842,2437,2257,2772,3518,2728,2419,3049,2665,2502,3151,2391,2511,2614,2848,2877,3047,2153,2481,2644,2524,2488,3059,3155,2560,2649,2602,2812,2484,2398,2821,2971,2616,2154,2585,2475,2571,3012,2952,3064,2531,3041,2308,2868,3378,2778,2740,2081,2597
3045,2876,2454,2272,2786,3616,2832,2435,3181,2673,2518,3170,2425,2558,2656,2852,2878,3081,2187,2640,2688,2527,2576,3063,3213,2575,2766,2658,2970,2506,2447,2860,3007,2666,2159,2660,2565,2615,3025,2992,3079,2547,3256,2324,2881,3379,2809,2741,2085,2638
3067,2909,2462,2298,2859,3641,2834,2470,3231,2822,2520,3210,2428,2674,2676,2863,2911,3082,2195,2697,2709,2530,2583,3111,3222,2601,2784,2669,2984,2536,2469,2966,3018,2715,2493,2662,2617,2618,3028,3010,3160,2552,3309,2342,2964,3466,2824,2799,2117,2667
3087,2915,2504,2386,2941,3691,2867,2561,3270,2836,2568,3245,2438,2735,2681,2875,3143,3091,2311,2732,2794,2540,2603,3134,3366,2661,2804,2749,3066,2639,2578,3030,3039,2783,2541,2671,2683,2622,3031,3095,3446,2563,3487,2370,3131,3490,2927,2835,2225,2729
3117,2936,2612,2394,2944,3747,2892,2588,3459,2884,2687,3263,2472,2736,2743,2922,3178,3139,2420,2738,2973,2543,2694,3165,3367,2696,2929,2803,3183,2668,2580,3057,3107,2819,2546,2828,2755,2677,3129,3153,3565,2579,3522,2397,3141,3504,3016,2857,2230,2768
3138,3103,2657,2412,3000,3778,2902,2682,3489,2888,2742,3336,2534,2761,2748,2951,3236,3166,2443,2907,2994,2593,2716,3217,3381,2711,3006,2816,3227,2692,2627,3158,3259,2871,2567,2840,2825,2679,3335,3172,3651,2624,3567,2415,3229,3515,3021,2980,2268,2802
3205,3115,2701,2459,3013,3820,2947,2684,3503,2898,2782,3376,2537,2879,2826,3130,3519,3206,2446,2916,2998,2710,2764,3317,3479,2726,3008,2830,3258,2780,2663,3161,3266,2874,2584,2873,2833,2695,3363,3199,3695,2641,3569,2476,3373,3534,3036,2987,2357,2815
3211,3173,2757,2574,3050,3886,2955,2744,3510,2914,2788,3451,2570,2979,2851,3152,3564,3235,2599,2983,3060,2827,2791,3356,3485,2751,3069,2864,3262,2801,2731,3225,3269,2900,2620,2930,2846,2700,3375,3241,3719,2702,3700,2528,3409,3646,3073,3004,2365,2928
3218,3195,2932,2586,3180,3932,3015,2841,3562,2938,2869,3532,2609,2997,2912,3187,3625,3472,2646,3055,3168,2850,2831,3399,3544,2770,3085,2910,3298,2838,2733,3289,3281,2937,2645,2950,2897,2811,3382,3253,3785,2760,3849,2533,3452,3667,3099,3014,2458,2949
3242,3237,2943,2596,3191,3967,3102,2953,3678,2986,2920,3611,2643,3001,2990,3197,3626,3508,2706,3056,3277,2856,2899,3433,3568,2792,3123,2946,3346,2945,2785,3337,3293,3027,2704,2960,2942,2882,3422,3374,3793,2808,3907,2690,3500,3683,3106,3034,2490,2976
3294,3257,2956,2703,3282,3970,3112,2982,3806,2996,3058,3614,2670,3033,3052,3232,3888,3548,2933,3092,3369,2872,2972,3492,3652,2805,3159,3024,3361,2993,2797,3400,3341,3072,2752,3002,3009,3054,3453,3402,3863,2913,4057,2691,3605,3690,3192,3035,2564,3044
3307,3414,2977,2885,3295,4009,3145,3148,3909,2999,3157,3631,2814,3114,3077,3234,3930,3668,2968,3149,3395,2883,3071,3525,3871,2862,3193,3075,3370,3048,2896,3431,3368,3078,2773,3046,3022,3074,3477,3419,3891,2989,4088,2714,3701,3791,3212,3038,2631,3154
3450,3429,3119,2978,3354,4019,3147,3163,3943,3104,3167,3663,2921,3127,3113,3239,3941,3753,2985,3314,3417,2906,3076,3560,3876,2963,3360,3109,3415,3061,2901,3448,3493,3090,2798,3098,3116,3100,3579,3462,3904,3037,4097,2734,3738,3875,3248,3162,2705,3252
3507,3454,3228,3011,3387,4043,3207,3169,3961,3280,3223,3682,2954,3128,3156,3271,3952,3824,3023,3319,3555,2940,3120,3566,3899,3084,3557,3177,3420,3179,2905,3464,3591,3124,2853,3125,3122,3110,3592,3491,3913,3068,4113,2767,3766,3882,3288,3164,2718,3254
3511,3523,3287,3017,3392,4260,3410,3171,4152,3299,3285,3769,3019,3142,3224,3292,4052,3838,3040,3320,3563,2967,3146,3584,3958,3094,3583,3233,3424,3182,2974,3546,3601,3185,2861,3345,3201,3396,3716,3537,3971,3101,4125,2774,3825,3936,3305,3244,2765,3323
3541,3574,3347,3043,3427,4312,3632,3188,4178,3397,3300,3770,3093,3176,3264,3306,4136,3851,3083,3353,3617,2991,3226,3594,3965,3105,3655,3255,3486,3267,3029,3559,3752,3198,3080,3437,3203,3542,3757,3585,4062,3135,4128,2796,3835,3975,3308,3247,2793,3390
3658,3598,3391,3096,3470,4393,3693,3209,4275,3640,3496,3816,3118,3202,3435,3312,4156,4047,3126,3439,3638,2995,3249,3613,3980,3140,3814,3268,3521,3458,3051,3580,3789,3230,3089,3461,3283,3597,3804,3674,4173,3150,4148,2810,3900,3988,3351,3377,2849,3407
3669,3629,3401,3184,3471,4420,3703,3221,4289,3679,3502,3872,3175,3214,3455,3318,4330,4068,3144,3473,3706,3097,3261,3635,4041,3186,3912,3284,3571,3474,3086,3636,3860,3278,3304,3528,3290,3661,3910,3721,4311,3216,4190,2820,3911,4021,3359,3388,3003,3432
3714,3649,3440,3189,3572,4487,3726,3297,4414,3684,3533,3942,3303,3265,3467,3383,4571,4098,3204,3481,3707,3194,3272,3809,4224,3208,4023,3301,3612,3497,3219,3731,3914,3325,3321,3531,3315,3681,3931,3786,4340,3220,4249,2823,3926,4045,3428,3456,3132,3442
3787,3660,3520,3190,3600,4490,3756,3327,4423,3685,3593,3998,3322,3333,3516,3460,4576,4111,3275,3484,3736,3238,3273,3818,4257,3302,4027,3349,3622,3535,3246,3760,4001,3476,3357,3561,3384,3713,4014,3893,4411,3276,4339,2829,3929,4090,3445,3582,3136,3527
3815,3740,3526,3200,3602,4531,3758,3362,4425,3694,3676,3999,3438,3385,3538,3570,4593,4112,3279,3513,3746,3251,3274,3976,4270,3326,4081,3403,3688,3573,3313,3870,4006,3505,3394,3627,3447,3779,4071,3948,4451,3286,4428,2837,3939,4095,3554,3624,3174,3530
3837,3744,3549,3250,3644,4685,3792,3364,4449,3728,3704,4025,3449,3408,3615,3639,4600,4141,3338,3647,3774,3332,3339,4058,4288,3386,4096,3421,3732,3696,3358,3874,4018,3524,3405,3666,3539,3917,4082,3969,4454,3310,4495,2854,3987,4188,3558,3687,3196,3712
3847,3783,3603,3291,3733,4747,4030,3404,4453,3784,3836,4061,3468,3465,3650,3692,4697,4193,3371,3659,3777,3340,3344,4100,4357,3393,4203,3482,3852,3734,3436,3897,4110,3576,3413,3673,3698,4053,4086,3983,4475,3316,4508,2880,4067,4216,3623,3697,3215,3742
4028,3856,3608,3324,3763,4869,4040,3412,4515,3794,3865,4130,3536,3475,3654,3750,4722,4269,3411,3715,3889,3342,3348,4242,4437,3418,4243,3483,3866,3821,3478,4032,4246,3637,3469,3724,3723,4056,4126,3990,4588,3380,4519,2961,4080,4297,3670,3708,3328,3749
4066,3938,3680,3331,3771,4918,4076,3480,4529,3802,3923,4133,3586,3514,3671,3768,4755,4290,3425,3761,3896,3350,3355,4281,4536,3495,4322,3543,3892,3826,3499,4070,4304,3765,3550,3855,3833,4072,4159,4029,4594,3423,4558,3020,4134,4343,3764,3710,3389,3754
4075,3974,3741,3352,3822,4926,4079,3488,4630,3861,3949,4198,3609,3551,3711,3808,4835,4375,3457,3762,3982,3509,3501,4299,4549,3575,4371,3556,3905,3947,3588,4091,4346,3848,3552,3885,3963,4127,4241,4155,4617,3430,4560,3088,4191,4362,3839,3730,3577,3782
4078,4005,3743,3365,3902,4964,4092,3517,4702,3894,3978,4230,3628,3599,3722,3828,4846,4426,3506,3817,4059,3547,3512,4334,4718,3604,4381,3718,3924,3957,3589,4109,4438,3883,3578,3934,4077,4211,4262,4163,4622,3498,4586,3240,4208,4564,3878,3735,3581,3807
4144,4008,3788,3372,4064,5008,4104,3595,4703,3937,3984,4298,3643,3642,3725,4037,4855,4472,3645,3850,4213,3553,3529,4374,4743,3657,4386,3812,4020,3962,3596,4120,4455,3887,3590,3956,4114,4222,4263,4165,4657,3545,4598,3296,4291,4599,3918,3737,3587,3813
4196,4135,3803,3398,4117,5029,4182,3610,4772,4050,4084,4468,3727,3677,3729,4073,4874,4492,3656,3901,4229,3621,3634,4416,4776,3665,4443,3841,4093,3992,3664,4176,4480,3919,3607,4003,4142,4225,4315,4218,4778,3618,4612,3329,4350,4828,3945,3827,3672,3920
4221,4154,3823,3441,4167,5048,4201,3633,4823,4131,4228,4548,3801,3702,3745,4169,4879,4660,3662,3950,4235,3648,3675,4429,4782,3699,4525,3877,4116,4022,3686,4197,4514,3964,3619,4055,4185,4253,4333,4256,4812,3857,4688,3334,4351,4901,3993,3829,3843,3925
4280,4181,3884,3540,4179,5050,4368,3653,4886,4162,4308,4771,3842,3759,3755,4317,4912,4683,3748,3959,4244,3720,3796,4513,4837,3705,4542,3881,4160,4119,3767,4379,4527,3977,3630,4248,4382,4294,4401,4278,4893,3890,4786,3406,4366,4922,4039,3916,3868,3928
4286,4227,4013,3606,4219,5153,4410,3776,4899,4251,4314,4839,3898,3832,3772,4319,4976,4713,3780,3972,4254,3739,3797,4667,4876,3717,4614,3966,4177,4129,3805,4457,4587,3979,3689,4271,4409,4301,4419,4326,4949,4210,4789,3416,4390,4982,4137,3921,3880,3935
4355,4370,4036,3709,4236,5187,4424,3810,4903,4292,4365,4856,3989,3864,3790,4321,5051,4773,3781,3981,4277,3751,3798,4858,4904,3799,4631,3994,4187,4164,3819,4488,4607,4002,3795,4276,4433,4356,4440,4335,5009,4259,4892,3426,4391,5034,4147,3955,3933,3951
4481,4373,4044,3775,4265,5207,4432,3844,4948,4323,4400,5004,4083,3915,3859,4345,5061,4822,3831,4085,4342,3773,3830,4861,4915,3845,4668,3997,4220,4166,4042,4538,4682,4004,3811,4380,4442,4404,4551,4353,5123,4273,4911,3444,4517,5043,4205,4049,3991,3996
4496,4383,4063,3800,4309,5284,4497,3858,4957,4456,4431,5016,4118,4010,3954,4361,5152,4871,3879,4103,4354,3862,3840,4885,4981,3869,4687,4000,4231,4183,4101,4563,4691,4007,3846,4397,4499,4562,4570,4415,5151,4359,4927,3463,4611,5047,4341,4089,4048,4024
4641,4559,4065,3834,4320,5349,4498,3903,4975,4528,4445,5077,4186,4015,4172,4418,5199,4884,3940,4122,4376,3873,3944,4934,4986,3927,4814,4011,4267,4300,4194,4592,4692,4102,3922,4465,4501,4565,4644,4483,5179,4394,5055,3620,4684,5118,4408,4105,4150,4252
4645,4566,4107,3853,4388,5429,4550,3908,5000,4574,4450,5102,4234,4016,4215,4434,5241,4995,4115,4223,4406,3895,4035,4944,4994,3953,4867,4060,4427,4435,4214,4613,4734,4121,3946,4489,4504,4577,4647,4521,5183,4412,5114,3906,4723,5132,4458,4106,4153,4296
4650,4573,4124,3854,4466,5500,4629,3960,5024,4603,4679,5115,4237,4033,4295,4447,5326,5146,4123,4258,4509,3973,4054,4945,4997,3995,4959,4069,4535,4460,4261,4623,4754,4143,3986,4596,4554,4626,4699,4539,5222,4436,5157,4094,4870,5144,4541,4139,4189,4405
4662,4580,4171,3867,4484,5546,4639,3968,5036,4637,4690,5171,4264,4046,4337,4471,5453,5169,4145,4307,4731,4034,4184,5011,5032,4012,4960,4168,4569,4561,4266,4633,4940,4151,4038,4654,4590,4689,4705,4547,5272,4485,5159,4132,4894,5165,4602,4238,4209,4452
4695,4609,4204,4157,4500,5556,4666,3985,5087,4748,4693,5216,4293,4140,4494,4543,5520,5205,4158,4327,4732,4149,4302,5028,5071,4026,5105,4175,4674,4581,4274,4649,5021,4170,4099,4712,4635,4729,4709,4675,5334,4545,5198,4272,4897,5270,4665,4284,4212,4473
4775,4739,4226,4233,4518,5601,4733,4017,5092,4790,4834,5236,4303,4195,4520,4555,5628,5249,4161,4358,4799,4268,4310,5035,5097,4051,5106,4239,4686,4601,4316,4716,5073,4199,4108,4850,4642,4826,4720,4698,5367,4585,5260,4282,5060,5318,4676,4329,4250,4516
4841,4764,4240,4245,4625,5708,4736,4031,5237,4845,4882,5305,4328,4347,4540,4568,5635,5282,4206,4364,4829,4352,4385,5037,5131,4074,5136,4348,4824,4804,4336,4730,5128,4287,4146,4873,4700,4848,4738,4715,5451,4591,5265,4331,5064,5322,4745,4378,4305,4616
4889,4792,4338,4430,4646,5713,4744,4087,5317,4914,4999,5370,4439,4479,4552,4636,5646,5297,4217,4462,4838,4369,4413,5072,5150,4200,5206,4372,5084,4806,4344,4797,5185,4324,4174,4881,4727,4930,4758,4725,5465,4605,5287,4332,5113,5340,4900,4398,4395,4671
4972,4796,4464,4482,4659,5724,4750,4138,5352,4923,5020,5440,4572,4506,4584,4752,5697,5321,4279,4493,4862,4377,4421,5099,5195,4232,5214,4467,5089,4815,4363,4860,5189,4384,4192,4902,4780,5056,4766,4763,5499,4651,5366,4387,5133,5346,4925,4399,4422,4680
4984,4816,4579,4486,4707,5748,4872,4180,5382,4961,5040,5478,4615,4619,4628,4849,5774,5460,4318,4524,4910,4461,4448,5175,5281,4247,5239,4523,5167,4830,4469,4956,5296,4389,4207,4955,4843,5149,4784,4883,5587,4757,5379,4402,5213,5450,4928,4417,4459,4724
5025,4827,4710,4510,4717,5756,4920,4202,5405,5062,5041,5544,4741,4620,4663,4898,5818,5793,4349,4533,5003,4476,4505,5188,5304,4255,5277,4673,5204,4852,4511,5006,5401,4396,4283,4996,4880,5161,4938,4905,5597,4770,5395,4403,5257,5519,4942,4470,4502,4756
5197,4896,4719,4557,4759,5770,4950,4285,5462,5080,5075,5557,4802,4621,4672,4931,5929,5917,4446,4544,5022,4477,4534,5200,5339,4306,5298,4728,5269,4921,4640,5015,5484,4441,4313,5180,4936,5254,5005,4941,5639,4817,5430,4444,5327,5562,5026,4575,4532,4788
5310,4967,4865,4582,4761,5814,5017,4360,5489,5202,5124,5589,4878,4658,4863,5010,5939,5996,4526,4597,5090,4604,4632,5381,5343,4325,5320,4735,5402,4993,4655,5054,5576,4503,4367,5245,4952,5302,5012,4969,5803,4989,5516,4463,5336,5618,5110,4704,4606,4794
5325,4988,4954,4589,4777,5826,5019,4392,5565,5219,5129,5605,4932,4677,4888,5044,5976,6028,4553,4652,5147,4618,4661,5399,5434,4567,5447,4769,5410,4998,4768,5181,5710,4546,4474,5285,5045,5425,5058,5063,5833,5173,5522,4556,5443,5667,5145,4781,4624,4943
5372,5038,4958,4711,4832,5885,5081,4407,5643,5319,5138,5613,4965,4811,5030,5095,5986,6035,4583,4670,5164,4653,4701,5438,5459,4610,5539,4785,5422,5057,4793,5209,5720,4638,4491,5300,5052,5461,5100,5070,5865,5190,5575,4595,5532,5678,5154,4791,4643,4946
5435,5067,4962,4774,4859,5902,5174,4478,5679,5348,5143,5631,4970,4875,5111,5098,5997,6209,4608,4767,5166,4737,4714,5482,5479,4779,5580,4842,5483,5079,4844,5232,5781,4669,4522,5403,5142,5524,5127,5156,5927,5344,5642,4634,5573,5688,5227,4831,4664,4963
5456,5076,5066,4805,4913,5921,5208,4507,5729,5362,5172,5677,5059,4890,5186,5112,6011,6240,4656,4808,5210,4742,4746,5555,5496,4801,5675,5177,5501,5082,4854,5244,5824,4694,4578,5404,5248,5718,5194,5196,6004,5469,5644,4648,5581,5791,5273,4840,4783,4974
5498,5117,5137,4813,4935,5933,5225,4512,5801,5373,5255,5726,5182,4891,5215,5170,6173,6267,4681,4833,5226,4795,4818,5560,5529,4851,5685,5238,5533,5107,5104,5308,5830,4696,4627,5493,5294,5795,5223,5218,6089,5486,5668,4751,5743,5807,5293,4857,4868,4992
5527,5258,5163,4887,4953,5958,5250,4530,5869,5471,5276,5750,5212,4947,5264,5261,6279,6290,4706,5023,5228,4803,4847,5590,5531,4951,5693,5242,5551,5120,5119,5323,5850,4749,4721,5542,5315,5810,5279,5274,6102,5508,5745,4760,5773,5813,5311,4929,4895,5096
5582,5263,5291,4906,4978,5993,5314,4537,5871,5525,5307,5823,5286,5088,5301,5275,6345,6302,4726,5042,5259,4810,4877,5602,5570,4966,5696,5253,5634,5130,5240,5335,5922,4819,4740,5578,5354,5825,5350,5295,6232,5623,5764,4809,5798,5848,5328,4985,5049,5211
5661,5309,5376,4924,5069,6012,5369,4678,5949,5569,5360,5832,5316,5101,5358,5431,6389,6343,4753,5108,5271,4836,4937,5651,5629,4973,5783,5400,5662,5134,5338,5363,5932,4820,4798,5665,5357,6055,5414,5299,6241,5659,5769,4933,5870,5905,5333,5027,5116,5390
5738,5452,5467,4939,5083,6059,5378,4708,6021,5607,5386,5837,5332,5109,5375,5436,6431,6365,4762,5126,5329,4853,4968,5805,5638,4990,5831,5458,5701,5231,5341,5364,5968,4909,4821,5740,5392,6140,5449,5423,6245,5671,5809,5001,5877,5930,5377,5162,5168,5418
5749,5503,5477,4980,5086,6079,5470,4765,6047,5622,5396,5866,5433,5122,5421,5445,6443,6494,4800,5221,5371,4907,4983,5812,5653,5068,5849,5537,5725,5235,5347,5365,6049,4919,4864,5815,5448,6239,5475,5424,6250,5854,5909,5053,5883,5944,5385,5243,5201,5426
5821,5512,5554,5002,5091,6111,5472,4787,6074,5684,5416,5896,5454,5125,5457,5488,6449,6560,4807,5230,5398,4971,4987,5828,5669,5094,5916,5547,5742,5353,5468,5368,6100,4991,4866,5841,5481,6278,5494,5490,6265,5858,5946,5103,6008,6057,5413,5266,5292,5492
5835,5526,5563,5007,5160,6145,5485,4825,6135,5963,5442,5989,5504,5176,5497,5567,6467,6582,5013,5234,5407,4979,5039,5913,5681,5233,6052,5666,5842,5419,5541,5417,6139,5093,4908,5867,5572,6329,5536,5518,6310,5875,6054,5148,6020,6098,5415,5278,5330,5548
5878,5610,5596,5065,5252,6235,5530,4977,6137,5966,5464,6023,5652,5217,5559,5577,6544,6602,5014,5256,5412,5031,5046,5937,5790,5246,6096,5754,5898,5540,5553,5441,6144,5178,4916,5894,5609,6455,5543,5579,6349,5903,6062,5203,6075,6107,5528,5312,5361,5606
5928,5632,5600,5135,5306,6255,5534,5033,6179,6053,5505,6027,5690,5476,5614,5647,6585,6648,5018,5288,5428,5251,5140,5950,5840,5267,6141,5827,5957,5591,5603,5513,6146,5193,4917,5935,5641,6468,5687,5648,6373,5999,6071,5220,6080,6167,5568,5351,5394,5626
6038,5649,5612,5158,5383,6258,5535,5078,6180,6085,5545,6040,5747,5487,5625,5660,6619,6663,5074,5303,5439,5374,5191,5955,5907,5342,6164,5847,6039,5633,5736,5650,6147,5262,5141,5960,5712,6493,5691,5654,6387,6044,6095,5247,6284,6170,5636,5384,5474,5656
6090,5702,5619,5229,5480,6331,5620,5155,6206,6171,5637,6066,5777,5523,5672,5699,6703,6690,5085,5409,5473,5388,5192,5985,5941,5397,6242,5887,6058,5694,5767,5680,6155,5391,5184,5965,5735,6526,5779,5707,6461,6084,6099,5268,6336,6203,5695,5387,5566,5709
6136,5717,5759,5289,5509,6392,5658,5538,6344,6195,5663,6132,5788,5558,5703,5716,6704,6719,5121,5444,5564,5466,5224,6007,5952,5420,6251,6033,6103,5711,5811,5686,6199,5411,5283,6019,5857,6532,5914,5799,6496,6123,6156,5290,6340,6249,5714,5406,5758,5734
6176,5784,5797,5313,5704,6515,5705,5604,6397,6201,5674,6165,5859,5682,5731,5719,6726,6757,5139,5463,5616,5514,5359,6050,5984,5552,6252,6045,6143,5732,5846,5715,6308,5432,5324,6072,5910,6556,5915,5802,6506,6150,6159,5331,6362,6325,5755,5427,5771,5741
6177,5852,5836,5345,5882,6523,5744,5608,6418,6205,5689,6219,5918,5760,5762,5728,6727,6758,5280,5491,5673,5561,5521,6082,6006,5598,6259,6218,6274,5757,5855,5751,6359,5506,5437,6081,5924,6573,5943,5829,6516,6228,6191,5356,6371,6327,5794,5507,5892,5752
6184,5967,5925,5393,5900,6578,5942,5808,6476,6248,5698,6254,6048,5776,5763,5737,6728,6850,5337,5502,5739,5599,5571,6187,6042,5627,6260,6220,6276,5775,5863,5839,6364,5515,5511,6108,5948,6586,6064,5856,6551,6236,6224,5389,6557,6401,5845,5549,5926,5761
6214,5975,5953,5446,5901,6736,5991,5879,6559,6296,5730,6313,6056,5782,5780,5785,6786,6892,5355,5517,5786,5630,5593,6210,6134,5683,6275,6222,6317,5860,5886,5861,6382,5583,5574,6129,5964,6672,6091,5881,6609,6264,6293,5408,6580,6414,5940,5585,5978,5787
6237,6163,5970,5495,5923,6750,6003,5931,6571,6348,5746,6413,6118,5796,5853,5873,6877,6923,5380,5550,5851,5640,5676,6311,6178,5692,6316,6253,6351,5868,6022,5880,6405,5615,5586,6130,6037,6698,6122,5895,6675,6425,6319,5455,6635,6511,5974,5588,5979,5911
6335,6166,6002,5510,5961,6800,6131,5998,6607,6388,5838,6423,6121,5843,5908,5890,6882,6948,5592,5611,5893,5657,5819,6386,6188,5800,6390,6277,6378,5987,6060,5888,6426,5670,5624,6161,6083,6708,6158,6030,6691,6457,6332,5594,6636,6513,6017,5617,6000,6001
6370,6204,6193,5584,5969,6801,6157,6036,6628,6460,5959,6428,6149,6018,6046,5982,6886,6986,5595,5664,5994,5722,5884,6393,6233,5806,6600,6281,6606,5990,6114,5897,6489,5700,5765,6215,6192,6738,6273,6128,6731,6503,6440,5733,6660,6522,6076,5621,6112,6010
6462,6297,6213,5706,5973,6814,6263,6088,6632,6486,5971,6490,6216,6070,6092,6005,6912,7033,5645,5727,6063,5778,5889,6396,6257,5872,6649,6356,6626,6034,6120,5919,6525,5768,5817,6304,6211,6856,6357,6133,6855,6592,6507,5920,6664,6527,6077,5723,6115,6032
6473,6334,6315,5721,5992,7126,6322,6292,6651,6504,6078,6514,6230,6106,6097,6015,7045,7071,5655,5753,6202,5876,5891,6417,6301,5904,6657,6549,6645,6065,6148,6110,6536,5789,5820,6398,6229,6906,6412,6196,6870,6618,6539,5983,6713,6667,6212,5804,6208,6041
6484,6472,6566,5862,6051,7269,6333,6459,6695,6517,6142,6554,6286,6217,6109,6024,7087,7088,5834,5766,6271,5980,5936,6435,6305,5981,6730,6591,6705,6138,6339,6291,6570,5792,5947,6421,6298,6935,6416,6303,6889,6687,6601,6009,6788,6676,6221,5822,6262,6068
6564,6509,6622,5874,6189,7301,6358,6466,6752,6561,6152,6565,6352,6238,6117,6105,7231,7098,5844,5772,6299,6016,5977,6445,6367,6026,6743,6631,6747,6246,6363,6342,6677,5899,6014,6589,6353,7007,6430,6434,6932,6774,6604,6043,6799,6729,6223,5934,6312,6073
6568,6605,6633,5954,6200,7436,6427,6488,6820,6612,6227,6638,6458,6268,6126,6226,7297,7122,5864,5816,6306,6025,6104,6524,6399,6061,6769,6666,6825,6270,6495,6541,6804,5945,6069,6613,6366,7055,6444,6464,6933,6843,6658,6160,6946,6798,6285,5951,6385,6086
6575,6639,6661,6172,6225,7471,6470,6491,6845,6659,6243,6761,6623,6320,6181,6272,7316,7146,5912,5906,6309,6101,6116,6538,6567,6125,6775,6782,6826,6323,6529,6552,6829,5956,6093,6643,6391,7056,6481,6519,6961,6911,6682,6337,6949,6857,6300,5995,6403,6124
6596,6702,6721,6424,6266,7502,6477,6603,6878,6671,6256,6765,6662,6563,6186,6280,7376,7149,5938,5962,6318,6174,6197,6895,6595,6247,6833,6790,6885,6368,6534,6562,6848,6127,6113,6654,6483,7059,6590,6669,6977,6938,6777,6395,6980,6871,6404,6031,6406,6151
6597,6716,6755,6436,6282,7508,6546,6621,6879,6699,6379,6866,6688,6692,6194,6326,7451,7258,5972,6013,6330,6354,6244,6924,6616,6269,6836,6858,7177,6369,6555,6620,6896,6154,6384,6793,6689,7095,6679,6670,6991,6944,6815,6432,6995,6893,6415,6190,6520,6153
6647,6746,6763,6446,6287,7551,6614,6642,6919,6724,6381,6867,6697,6696,6198,6360,7505,7268,5988,6119,6346,6380,6294,7000,6694,6321,6926,6931,7205,6419,6625,6749,6972,6162,6482,6943,6712,7164,6720,6685,7121,6982,6881,6437,7004,6959,6442,6324,6540,6182
6665,6803,6778,6480,6374,7758,6794,6767,6930,6745,6383,6898,6718,6822,6231,6394,7530,7281,6029,6168,6376,6410,6328,7103,6806,6361,6941,6940,7210,6438,6876,6766,7013,6169,6543,7005,6753,7191,6735,6707,7148,7010,6897,6518,7006,6999,6558,6372,6581,6207
6709,6854,6789,6499,6485,7778,6797,6783,6997,6784,6422,6968,6840,6859,6289,6420,7577,7282,6067,6261,6411,6450,6355,7130,6847,6400,6974,7155,7303,6505,6947,6810,7026,6175,6577,7083,6865,7249,6737,6717,7221,7073,6902,6599,7011,7081,6574,6407,6584,6234
6742,6872,6827,6608,6594,7780,6805,6831,7035,6888,6429,7049,6868,6903,6295,6433,7588,7335,6087,6288,6453,6465,6402,7180,6849,6456,7072,7214,7353,6531,6962,6813,7034,6183,6598,7131,6922,7254,6834,6771,7229,7093,7002,6646,7066,7171,6576,6593,6740,6283
6873,6883,6844,6809,6683,7791,7042,6846,7080,6914,6454,7058,6915,6917,6408,6471,7591,7366,6094,6463,6508,6501,6441,7194,6891,6479,7135,7325,7360,6537,6978,6852,7082,6185,6641,7232,6929,7326,6860,6842,7266,7101,7021,6678,7111,7186,6617,6680,6776,6375
6884,6907,6920,6832,6714,7798,7065,6864,7112,6967,6492,7153,6925,7003,6451,6474,7680,7410,6338,6498,6569,6545,6452,7197,7025,6497,7140,7328,7374,6610,6988,6910,7091,6307,6916,7295,6966,7492,6880,6905,7270,7163,7086,6768,7127,7213,6725,6693,6851,6439
6945,6993,7014,6853,6733,7810,7139,6996,7167,6987,6512,7157,6939,7075,6469,6478,7713,7515,6341,6510,6579,6583,6502,7212,7060,6533,7158,7416,7406,6624,7238,6951,7156,6314,6942,7371,7039,7610,6894,7008,7300,7181,7137,6780,7173,7219,6739,6715,6887,6475
6979,6998,7031,6863,6772,7823,7160,7053,7202,7113,6521,7161,7078,7096,6572,6530,7773,7542,6350,6535,6615,6644,6629,7259,7084,6542,7188,7448,7413,6637,7275,6954,7169,6347,6955,7390,7047,7668,6964,7057,7429,7183,7187,6785,7201,7291,6748,6756,6994,6706
7036,7015,7070,6890,6808,7857,7215,7061,7263,7223,6553,7242,7100,7110,6587,6611,7776,7549,6377,6548,6634,6754,6673,7261,7109,6547,7267,7510,7435,6759,7286,6957,7208,6409,6956,7432,7062,7729,7028,7141,7445,7260,7250,6875,7283,7322,6779,6791,7043,6773
7068,7018,7079,7023,6812,7902,7224,7094,7276,7225,6700,7251,7115,7185,6588,6674,7797,7554,6448,6550,6653,6762,6796,7334,7152,6655,7447,7545,7495,6764,7336,7016,7218,6447,6973,7437,7104,7794,7030,7144,7466,7415,7252,6901,7290,7333,7029,6862,7114,6792
7069,7063,7092,7085,6918,7968,7285,7133,7356,7227,6732,7255,7159,7237,6630,6681,7891,7719,6487,6627,6711,6839,6802,7365,7203,6656,7523,7612,7507,6819,7462,7125,7230,6684,6981,7478,7145,7848,7037,7154,7467,7470,7280,6953,7317,7377,7102,6970,7120,6811
7119,7064,7296,7089,6934,7988,7310,7350,7384,7273,6795,7424,7257,7323,6650,6722,7970,7736,6500,6701,6760,6861,6900,7373,7321,6668,7617,7650,7571,6821,7481,7147,7341,6686,6985,7485,7313,7863,7099,7176,7509,7611,7332,6958,7320,7387,7124,6984,7190,6816
7189,7090,7318,7123,6983,8066,7337,7400,7399,7394,6841,7477,7305,7465,6710,6751,7995,7739,6528,6734,6770,6969,7001,7403,7330,6723,7653,7655,7603,6823,7532,7182,7386,6817,7012,7493,7346,7890,7116,7245,7558,7615,7340,7138,7449,7484,7172,7048,7199,6909
7234,7178,7370,7265,7019,8103,7343,7531,7452,7463,6950,7489,7311,7474,6824,6927,8208,7741,6640,6818,6835,6975,7077,7476,7342,6741,7683,7681,7679,6837,7674,7348,7414,7134,7041,7548,7475,7912,7165,7288,7569,7619,7401,7151,7512,7488,7196,7050,7236,6928
7284,7217,7375,7294,7020,8117,7385,7608,7516,7490,7136,7561,7369,7563,6952,6971,8229,7771,6652,6828,6838,7022,7207,7583,7354,6787,7720,7769,7734,6869,7731,7359,7421,7239,7107,7562,7526,7950,7347,7299,7600,7678,7431,7168,7524,7514,7244,7051,7298,6937
7308,7355,7404,7362,7044,8161,7440,7705,7525,7528,7241,7594,7412,7566,6965,7222,8242,7783,6744,6830,6899,7132,7220,7624,7423,6807,7738,7862,7737,6913,7753,7378,7426,7352,7166,7701,7547,7977,7367,7358,7618,7717,7434,7309,7560,7541,7402,7143,7312,6963
7446,7441,7427,7398,7052,8163,7575,7768,7533,7579,7324,7636,7483,7660,7038,7247,8345,7790,6781,7076,6921,7192,7240,7647,7473,6904,7827,7876,7759,6936,7804,7407,7438,7363,7184,7714,7599,7985,7480,7379,7629,7724,7454,7327,7632,7578,7430,7150,7458,6976
7534,7457,7574,7411,7193,8184,7584,7781,7597,7658,7351,7697,7503,7671,7067,7272,8421,7864,6874,7142,6990,7278,7243,7663,7486,7246,7855,7887,7832,6989,7840,7408,7500,7405,7198,7747,7605,8012,7491,7417,7649,7801,7487,7345,7789,7587,7504,7174,7544,7017
7535,7464,7601,7442,7200,8201,7631,7829,7604,7793,7396,7721,7589,7774,7074,7292,8431,7923,6908,7162,6992,7315,7287,7690,7576,7306,7918,7905,7900,7009,7847,7433,7543,7422,7204,7883,7627,8019,7651,7420,7732,7828,7496,7361,7931,7670,7654,7206,7546,7024
7556,7520,7620,7537,7216,8282,7657,7893,7613,7836,7453,7749,7622,7786,7097,7304,8458,7925,6960,7175,7027,7349,7357,7704,7640,7372,7978,7909,7935,7040,7911,7606,7570,7461,7211,7884,7656,8035,7751,7519,7779,7924,7499,7380,7972,7694,7676,7271,7553,7032
7595,7616,7709,7821,7233,8287,7689,7941,7626,7885,7469,7833,7666,7844,7105,7397,8461,7948,7117,7226,7054,7439,7428,7707,7642,7382,8009,7937,7992,7046,7927,7692,7572,7472,7289,7907,7814,8057,7756,7540,7817,8055,7521,7459,7990,7723,7677,7344,7564,7129
7609,7665,7775,7825,7565,8401,7699,8145,7661,7914,7506,7856,7682,7854,7106,7455,8464,7958,7228,7235,7118,7444,7450,7800,7675,7383,8072,8056,8004,7209,7945,7725,7696,7607,7331,8008,7834,8090,7880,7672,7850,8068,7586,7479,8027,7764,7691,7368,7573,7170
7623,7684,7811,7831,7582,8405,7744,8154,7718,7919,7511,7859,7712,7933,7108,7646,8500,8000,7279,7248,7128,7482,7501,7873,7710,7409,8076,8084,8049,7264,7951,7735,7752,7686,7418,8025,8128,8097,7936,7851,7906,8169,7602,7498,8065,8026,7750,7381,7628,7329
7733,7792,7841,7867,7592,8424,7772,8247,7726,8063,7517,7888,7755,7953,7179,7662,8511,8010,7293,7256,7195,7497,7538,7878,7868,7468,8224,8137,8162,7621,8078,7767,7795,7703,7460,8123,8138,8127,8189,7875,7930,8193,7614,7518,8086,8069,7762,7389,7745,7364
7763,7819,7861,7947,7593,8434,7787,8314,7938,8102,7687,7898,7784,7961,7253,7812,8517,8092,7339,7262,7302,7557,7539,7954,8011,7513,8263,8166,8190,7637,8125,7835,7806,7728,7580,8210,8182,8134,8197,7979,7960,8211,7638,7522,8094,8099,7765,7391,7760,7388
7788,7858,8188,8021,7639,8445,7928,8392,8002,8111,7708,7984,7796,8038,7274,7820,8579,8095,7456,7314,7395,7559,7552,7962,8051,7536,8267,8235,8253,7698,8130,7874,7871,7754,7645,8256,8337,8150,8227,8023,7967,8212,7644,7652,8144,8118,7777,7392,7838,7393
7799,7869,8223,8034,7742,8471,7956,8407,8006,8284,7770,7998,7802,8071,7277,7853,8603,8159,7635,7319,7527,7596,7568,8020,8236,7550,8288,8289,8275,7706,8181,7940,7957,7815,7842,8277,8338,8180,8234,8029,7987,8237,7727,7693,8148,8238,7807,7641,7843,7425
7803,7986,8225,8039,7761,8562,7959,8548,8015,8292,7818,8030,7824,8080,7307,7860,8655,8171,7748,7419,7529,7673,7585,8032,8302,7633,8415,8381,8340,7730,8219,7964,8106,7963,7896,8309,8390,8185,8255,8042,8112,8370,7808,7695,8216,8299,7813,7664,7895,7581
7826,8053,8228,8041,7816,8604,8074,8560,8017,8311,7877,8059,7901,8170,7338,7881,8658,8178,7894,7443,7590,7688,7630,8164,8349,7648,8465,8412,8455,7743,8320,7980,8131,8052,7929,8355,8409,8285,8276,8046,8119,8375,7846,7757,8258,8300,7892,7669,7932,7809
7830,8089,8248,8050,7822,8616,8087,8578,8279,8328,7908,8142,7926,8218,7494,7942,8691,8207,7943,7567,7659,7715,7643,8165,8383,7785,8476,8427,8540,7839,8334,7997,8259,8079,8077,8356,8419,8437,8306,8093,8177,8446,7849,7870,8272,8454,7913,7716,7944,8031
8007,8098,8260,8109,7976,8643,8135,8654,8313,8331,7920,8151,7975,8251,7555,7982,8765,8226,7949,7625,7722,7746,7685,8179,8436,7889,8512,8442,8557,7845,8336,8013,8341,8152,8113,8357,8456,8509,8440,8121,8241,8462,7903,7917,8322,8457,7939,7766,7952,8060
8044,8155,8273,8139,8040,8689,8153,8678,8410,8403,7965,8220,7989,8254,7598,8001,8768,8245,7973,7634,7866,7782,7711,8183,8479,7899,8587,8497,8647,7886,8343,8018,8371,8156,8132,8358,8481,8592,8521,8146,8270,8545,7993,8005,8361,8460,7966,7852,8122,8061
8081,8215,8286,8173,8054,8703,8198,8690,8463,8417,7969,8243,7996,8298,7805,8116,8772,8297,8073,7667,7921,7882,7865,8194,8483,7999,8601,8506,8649,7934,8344,8043,8384,8205,8168,8378,8487,8621,8564,8203,8308,8589,8016,8085,8373,8490,8110,7904,8143,8147
8082,8246,8327,8332,8064,8709,8217,8754,8525,8430,7974,8281,8045,8318,7837,8250,8793,8425,8126,7700,7991,7916,7897,8376,8529,8062,8641,8533,8652,7946,8352,8047,8428,8262,8172,8398,8528,8724,8580,8221,8317,8608,8028,8100,8444,8518,8124,7915,8160,8167
8136,8469,8382,8439,8070,8783,8265,8825,8546,8607,7981,8307,8141,8342,7872,8312,8871,8470,8174,7702,8105,8003,8067,8388,8543,8088,8645,8547,8705,8022,8568,8075,8429,8369,8202,8416,8551,8726,8595,8244,8335,8629,8033,8157,8478,8519,8158,8104,8222,8209
8264,8561,8433,8477,8083,8788,8303,8843,8567,8610,7983,8379,8176,8351,7879,8329,8905,8576,8280,7740,8149,8036,8199,8414,8644,8101,8707,8600,8728,8096,8574,8187,8448,8393,8230,8449,8665,8736,8669,8266,8387,8700,8108,8206,8492,8624,8175,8114,8291,8240
8367,8582,8438,8552,8091,8799,8394,8864,8597,8670,8014,8397,8249,8459,7910,8333,8913,8704,8310,7955,8231,8115,8232,8441,8727,8120,8746,8626,8758,8107,8662,8191,8495,8411,8239,8501,8733,8760,8789,8365,8395,8779,8133,8290,8625,8634,8252,8214,8346,8293
8422,8671,8466,8554,8213,8807,8396,8868,8711,8681,8048,8418,8301,8524,7922,8386,8924,8706,8362,8195,8257,8192,8274,8450,8822,8186,8770,8631,8782,8200,8795,8269,8502,8413,8261,8503,8734,8798,8866,8368,8408,8792,8140,8389,8664,8725,8316,8271,8468,8305
8447,8720,8571,8558,8296,8844,8453,8994,8717,8696,8484,8586,8569,8527,7971,8565,8927,8730,8515,8233,8278,8268,8294,8553,8854,8283,8797,8676,8830,8204,8800,8400,8536,8474,8321,8510,8744,8827,8879,8467,8426,8872,8196,8435,8668,8852,8350,8319,8498,8330
8532,8755,8627,8685,8326,8914,8480,9008,8718,8743,8499,8679,8577,8611,7994,8617,9015,8764,8520,8482,8323,8295,8315,8591,8886,8339,8837,8732,8875,8380,8833,8432,8537,8638,8539,8531,8748,8894,8909,8489,8443,8908,8324,8475,8818,8859,8353,8364,8538,8391
8549,8776,8657,8721,8399,8969,8494,9026,8739,8745,8530,8713,8619,8737,8024,8663,9112,8878,8526,8491,8348,8360,8374,8651,8907,8354,8920,8777,9014,8505,8944,8516,8613,8677,8581,8584,8775,8895,8935,8550,8452,8943,8372,8485,8841,8885,8420,8385,8605,8472
8559,8873,8763,8722,8473,9023,8566,9032,8761,8801,8542,8740,8640,8757,8037,8680,9140,8955,8570,8496,8359,8366,8623,8692,8911,8363,8928,8835,9071,8555,8954,8594,8618,8716,8614,8628,8919,8963,8940,8637,8556,8948,8615,8486,8862,8903,8423,8406,8636,8541
8666,8891,8778,8826,8488,9064,8573,9042,8813,8922,8585,8817,8646,8839,8058,8684,9156,9050,8659,8544,8493,8377,8630,8766,8933,8514,8929,8853,9076,8583,8982,8674,8622,8759,8695,8648,8926,8971,8951,8697,8572,8991,8633,8563,8877,8931,8451,8513,8701,8575
8741,8892,8803,8857,8508,9119,8602,9055,8847,8956,8656,8897,8667,8917,8129,8694,9178,9068,8749,8708,8504,8402,8710,8771,9164,8534,8983,8880,9128,8599,8990,8687,8688,8781,8715,8653,9031,8993,8972,8714,8753,9004,8661,8635,8930,8953,8507,8612,8811,8598
8742,8904,8845,9131,8593,9133,8609,9139,8881,8981,8809,9040,8723,8932,8304,8731,9215,9094,8752,8747,8523,8606,8804,8791,9243,8660,9005,9095,9205,8620,9114,8958,8829,8838,8750,8693,9082,9065,8988,8719,8756,9018,8769,8738,8941,9007,8855,8702,8867,8849
8899,8923,8869,9141,8596,9137,8699,9177,8900,9060,8858,9110,8808,8945,8325,9039,9301,9103,8780,8751,8588,8675,8834,8823,9260,8673,9034,9216,9219,8767,9116,8985,8888,8874,8828,8784,9102,9066,9017,8806,8802,9097,8815,8796,9020,9069,8876,8712,9009,8950
8916,8947,9024,9213,8650,9184,8735,9187,8918,9106,8977,9175,8816,8968,8347,9049,9319,9123,8785,8790,8590,8683,9016,8850,9270,8773,9056,9218,9233,8787,9130,9013,8898,8884,8840,8863,9111,9072,9037,8861,8805,9109,8893,8824,9035,9134,8965,8729,9041,9019
9011,8976,9101,9275,8672,9189,8794,9336,8959,9159,8998,9191,8887,9063,8404,9165,9354,9169,8810,8936,8632,8698,9054,8937,9308,8819,9125,9234,9268,8821,9152,9029,8957,8939,8882,8901,9208,9117,9105,8966,8883,9173,8942,8912,9079,9153,8967,8762,9126,9044
9030,9086,9158,9279,8786,9192,8846,9360,9046,9183,9001,9242,8896,9089,8522,9201,9365,9182,8836,8952,8639,8812,9088,8938,9309,8820,9161,9235,9303,8842,9154,9067,8980,9003,8964,8978,9266,9179,9108,9006,8906,9245,9036,8925,9090,9198,8999,8848,9138,9200
9059,9087,9280,9325,8814,9259,9000,9434,9168,9220,9083,9298,8992,9120,8535,9224,9480,9207,8860,8960,8686,8831,9170,8986,9310,8890,9162,9265,9333,8989,9247,9096,9118,9012,8973,9078,9296,9186,9127,9251,9010,9252,9038,8974,9180,9318,9025,8851,9206,9203
9121,9143,9314,9378,8856,9278,9021,9461,9223,9221,9248,9340,9053,9122,8642,9281,9500,9284,8870,8961,8774,8832,9273,8987,9339,8915,9188,9377,9362,9022,9250,9146,9176,9051,9052,9085,9316,9225,9163,9282,9081,9443,9043,8979,9210,9408,9075,8921,9209,9228
9124,9255,9375,9450,8946,9331,9073,9471,9249,9291,9287,9347,9080,9148,8682,9285,9542,9343,8889,8970,9092,8949,9297,8995,9350,8934,9199,9390,9386,9028,9307,9160,9193,9074,9197,9190,9410,9238,9263,9293,9107,9447,9045,9104,9222,9482,9136,8962,9217,9283
9129,9258,9444,9560,9058,9332,9115,9553,9380,9363,9315,9349,9155,9306,8865,9289,9577,9404,8902,8984,9100,8975,9324,8997,9472,9027,9214,9395,9535,9098,9368,9257,9212,9166,9317,9254,9411,9244,9367,9295,9237,9457,9113,9181,9256,9503,9226,8996,9312,9425
9149,9272,9475,9572,9061,9372,9132,9589,9383,9364,9345,9421,9172,9321,9048,9292,9640,9446,8910,9093,9361,9150,9394,9033,9481,9077,9240,9406,9557,9227,9478,9320,9304,9286,9376,9276,9431,9439,9379,9445,9239,9460,9241,9185,9261,9507,9326,9047,9371,9451
9230,9302,9483,9599,9070,9400,9142,9636,9495,9498,9417,9428,9338,9342,9147,9405,9654,9466,9002,9211,9499,9195,9419,9062,9501,9194,9415,9496,9563,9392,9543,9442,9311,9288,9401,9322,9476,9452,9388,9467,9335,9484,9264,9231,9269,9518,9366,9271,9427,9458
9232,9344,9512,9629,9144,9432,9151,9644,9526,9516,9490,9469,9369,9373,9202,9565,9661,9502,9057,9236,9530,9299,9504,9099,9522,9229,9423,9509,9580,9393,9562,9486,9329,9330,9545,9328,9564,9459,9505,9514,9358,9489,9290,9381,9274,9523,9384,9313,9592,9477
9353,9348,9528,9639,9157,9465,9174,9650,9616,9544,9508,9586,9409,9418,9334,9576,9751,9613,9084,9253,9561,9389,9506,9135,9657,9262,9470,9606,9608,9414,9622,9558,9355,9352,9625,9403,9568,9488,9536,9533,9420,9510,9300,9429,9277,9524,9448,9359,9675,9479
9374,9399,9534,9699,9167,9539,9196,9709,9694,9679,9541,9595,9412,9435,9402,9578,9791,9667,9091,9485,9597,9494,9515,9145,9664,9294,9529,9612,9643,9436,9627,9585,9398,9387,9633,9455,9603,9517,9609,9537,9491,9531,9305,9430,9351,9554,9456,9440,9705,9549
9433,9413,9584,9758,9382,9550,9323,9719,9740,9728,9658,9596,9463,9527,9437,9600,9817,9697,9246,9610,9666,9519,9547,9171,9687,9391,9538,9648,9649,9511,9631,9620,9426,9462,9635,9464,9611,9520,9617,9677,9552,9593,9327,9493,9370,9573,9555,9521,9757,9571
9473,9416,9588,9854,9453,9574,9449,9772,9741,9729,9686,9607,9602,9683,9441,9672,9833,9745,9341,9630,9670,9575,9688,9204,9701,9424,9579,9712,9682,9546,9731,9736,9487,9570,9689,9551,9614,9525,9632,9716,9621,9739,9337,9513,9385,9594,9556,9566,9777,9582
9497,9474,9695,9857,9569,9626,9548,9795,9774,9845,9785,9624,9619,9710,9532,9676,9850,9809,9396,9647,9671,9659,9707,9267,9704,9590,9732,9798,9691,9618,9765,9769,9615,9598,9822,9665,9703,9581,9656,9734,9749,9750,9346,9673,9468,9696,9567,9601,9808,9604
9559,9628,9812,9875,9591,9663,9684,9804,9801,9877,9789,9652,9623,9794,9540,9733,9883,9836,9454,9711,9752,9692,9748,9356,9792,9637,9737,9826,9724,9645,9841,9775,9721,9638,9881,9669,9756,9653,9735,9761,9797,9783,9438,9806,9492,9738,9605,9651,9815,9771
9634,9693,9830,9888,9698,9720,9685,9807,9827,9919,9910,9660,9744,9802,9641,9743,9897,9844,9587,9726,9782,9715,9856,9357,9816,9706,9742,9840,9781,9674,9886,9814,9730,9642,9887,9717,9766,9718,9764,9810,9863,9786,9708,9825,9583,9776,9681,9700,9853,9800
9646,9746,9891,9926,9787,9725,9702,9893,9832,9923,9941,9714,9884,9823,9655,9755,9933,9882,9678,9727,9905,9759,9876,9397,9871,9713,9747,9852,9819,9754,9921,9868,9753,9690,9906,9773,9778,9779,9767,9821,9880,9796,9818,9829,9668,9828,9770,9799,9855,9879
9793,9762,9898,9957,9917,9862,9722,9912,9839,9955,9954,9723,9914,9878,9662,9847,9979,9918,9788,9934,9925,9784,9904,9407,9924,9780,9760,9961,9838,9846,9949,9895,9831,9763,9930,9900,9913,9860,9790,9867,9908,9835,9849,9870,9680,9843,9864,9811,9896,9907
9803,9858,9915,9983,9927,9958,9974,9931,9903,9969,9975,9837,9938,9940,9813,9874,9981,9945,9962,9942,9953,9805,9909,9422,9956,9872,9848,9970,9943,9901,9973,9902,9861,9824,9964,9920,9922,9894,9859,9873,9946,9842,9892,9936,9890,9889,9899,9834,9947,9966
9866,9865,9948,9997,9932,9993,9991,9937,9980,9978,9977,9916,9999,9976,9820,9986,9984,9996,9987,9990,9971,9885,9911,9768,9998,9939,9928,9972,9968,9929,9995,9951,9992,9869,9985,9982,9944,9965,9989,9963,9994,9851,9952,9950,9959,9935,9988,10000,9960,9967
